brand,product_name,category,price_type,price_value_usd,as_of_date,product_url,image_url,source_domain
NVIDIA,GeForce RTX 4070 Family,Consumer GPU,Starting at (MSRP),549,2025-11-02,https://www.nvidia.com/en-us/geforce/graphics-cards/40-series/rtx-4070-family/,https://www.nvidia.com/en-us/geforce/graphics-cards/40-series/rtx-4070-family/,nvidia.com
NVIDIA,GeForce RTX 4060 & 4060 Ti,Consumer GPU,Starting at (MSRP),299,2025-11-02,https://www.nvidia.com/en-us/geforce/graphics-cards/40-series/rtx-4060-4060ti/,https://www.nvidia.com/en-us/geforce/graphics-cards/40-series/rtx-4060-4060ti/,nvidia.com
NVIDIA,Jetson Orin Nano Super Developer Kit,Edge AI Dev Kit,MSRP,249,2025-11-02,https://developer.nvidia.com/buy-jetson,https://developer.nvidia.com/buy-jetson,nvidia.com
NVIDIA,NVIDIA H100 Tensor Core GPU,Data Center / AI,Request quote,,2025-11-02,https://www.nvidia.com/en-us/data-center/products/,https://www.nvidia.com/en-us/data-center/products/,nvidia.com
NVIDIA,NVIDIA H200 Tensor Core GPU,Data Center / AI,Request quote,,2025-11-02,https://www.nvidia.com/en-us/data-center/products/,https://www.nvidia.com/en-us/data-center/products/,nvidia.com
NVIDIA,NVIDIA B200 Tensor Core GPU,Data Center / AI,Request quote,,2025-11-02,https://www.nvidia.com/en-us/data-center/products/,https://www.nvidia.com/en-us/data-center/products/,nvidia.com
NVIDIA,NVIDIA L40S GPU,Data Center / AI,Request quote,,2025-11-02,https://www.nvidia.com/en-us/data-center/products/,https://www.nvidia.com/en-us/data-center/products/,nvidia.com
NVIDIA,NVIDIA L4 GPU,Data Center / AI,Request quote,,2025-11-02,https://www.nvidia.com/en-us/data-center/products/,https://www.nvidia.com/en-us/data-center/products/,nvidia.com
NVIDIA,NVIDIA A100 Tensor Core GPU,Data Center / AI,Request quote,,2025-11-02,https://www.nvidia.com/en-us/data-center/products/,https://www.nvidia.com/en-us/data-center/products/,nvidia.com
NVIDIA,NVIDIA A30 GPU,Data Center / AI,Request quote,,2025-11-02,https://www.nvidia.com/en-us/data-center/products/,https://www.nvidia.com/en-us/data-center/products/,nvidia.com
NVIDIA,NVIDIA A10 GPU,Data Center / AI,Request quote,,2025-11-02,https://www.nvidia.com/en-us/data-center/products/,https://www.nvidia.com/en-us/data-center/products/,nvidia.com
NVIDIA,NVIDIA T4 Tensor Core GPU,Data Center / AI,Request quote,,2025-11-02,https://www.nvidia.com/en-us/data-center/products/,https://www.nvidia.com/en-us/data-center/products/,nvidia.com
NVIDIA,NVIDIA A2 GPU,Data Center / AI,Request quote,,2025-11-02,https://www.nvidia.com/en-us/data-center/products/,https://www.nvidia.com/en-us/data-center/products/,nvidia.com
NVIDIA,NVIDIA Grace Hopper (GH200) Superchip,Data Center / AI,Request quote,,2025-11-02,https://www.nvidia.com/en-us/data-center/products/,https://www.nvidia.com/en-us/data-center/products/,nvidia.com
NVIDIA,NVIDIA Grace CPU Superchip,Data Center / AI,Request quote,,2025-11-02,https://www.nvidia.com/en-us/data-center/products/,https://www.nvidia.com/en-us/data-center/products/,nvidia.com
NVIDIA,NVIDIA BlueField-3 DPU,Data Center / AI,Request quote,,2025-11-02,https://www.nvidia.com/en-us/data-center/products/,https://www.nvidia.com/en-us/data-center/products/,nvidia.com
NVIDIA,NVIDIA DGX H100 System,Data Center / AI,Request quote,,2025-11-02,https://www.nvidia.com/en-us/data-center/products/,https://www.nvidia.com/en-us/data-center/products/,nvidia.com
NVIDIA,NVIDIA DGX B200 System,Data Center / AI,Request quote,,2025-11-02,https://www.nvidia.com/en-us/data-center/products/,https://www.nvidia.com/en-us/data-center/products/,nvidia.com
NVIDIA,NVIDIA HGX H100 Platform,Data Center / AI,Request quote,,2025-11-02,https://www.nvidia.com/en-us/data-center/products/,https://www.nvidia.com/en-us/data-center/products/,nvidia.com
NVIDIA,NVIDIA RTX 6000 Ada Generation,Workstation GPU,Request quote,,2025-11-02,https://www.nvidia.com/en-us/design-visualization/rtx-desktop-gpus/,https://www.nvidia.com/en-us/design-visualization/rtx-desktop-gpus/,nvidia.com
NVIDIA,NVIDIA RTX A5500,Workstation GPU,Request quote,,2025-11-02,https://www.nvidia.com/en-us/design-visualization/rtx-desktop-gpus/,https://www.nvidia.com/en-us/design-visualization/rtx-desktop-gpus/,nvidia.com
NVIDIA,NVIDIA RTX A4500,Workstation GPU,Request quote,,2025-11-02,https://www.nvidia.com/en-us/design-visualization/rtx-desktop-gpus/,https://www.nvidia.com/en-us/design-visualization/rtx-desktop-gpus/,nvidia.com
NVIDIA,NVIDIA RTX A4000,Workstation GPU,Request quote,,2025-11-02,https://www.nvidia.com/en-us/design-visualization/rtx-desktop-gpus/,https://www.nvidia.com/en-us/design-visualization/rtx-desktop-gpus/,nvidia.com
AMD,Radeon RX 7900 XTX,Consumer GPU,SEP/MSRP,999,2025-11-02,https://www.amd.com/en/newsroom/press-releases/2022-11-3-amd-unveils-world-s-most-advanced-gaming-graphics-.html,https://www.amd.com/en/newsroom/press-releases/2022-11-3-amd-unveils-world-s-most-advanced-gaming-graphics-.html,amd.com
AMD,Radeon RX 7900 XT,Consumer GPU,SEP/MSRP,899,2025-11-02,https://www.amd.com/en/newsroom/press-releases/2022-11-3-amd-unveils-world-s-most-advanced-gaming-graphics-.html,https://www.amd.com/en/newsroom/press-releases/2022-11-3-amd-unveils-world-s-most-advanced-gaming-graphics-.html,amd.com
AMD,Radeon RX 7800 XT,Consumer GPU,MSRP (launch),499,2025-11-02,https://www.amd.com/en/newsroom/press-releases/2023-8-25-new-amd-radeon-rx-7800-xt-and-radeon-rx-7700-xt-gr.html,https://www.amd.com/en/newsroom/press-releases/2023-8-25-new-amd-radeon-rx-7800-xt-and-radeon-rx-7700-xt-gr.html,amd.com
AMD,Radeon RX 7700 XT,Consumer GPU,MSRP (launch),449,2025-11-02,https://www.amd.com/en/newsroom/press-releases/2023-8-25-new-amd-radeon-rx-7800-xt-and-radeon-rx-7700-xt-gr.html,https://www.amd.com/en/newsroom/press-releases/2023-8-25-new-amd-radeon-rx-7800-xt-and-radeon-rx-7700-xt-gr.html,amd.com
AMD,Radeon RX 7600,Consumer GPU,MSRP (launch),269,2025-11-02,https://www.amd.com/en/newsroom/press-releases/2023-5-24-amd-introduces-amd-radeon-rx-7600-graphics-card-f.html,https://www.amd.com/en/newsroom/press-releases/2023-5-24-amd-introduces-amd-radeon-rx-7600-graphics-card-f.html,amd.com
AMD,AMD Instinct MI300X,Data Center / AI Accelerator,Request quote,,2025-11-02,https://www.amd.com/en/products/accelerators/instinct.html,https://www.amd.com/en/products/accelerators/instinct.html,amd.com
AMD,AMD Instinct MI300A,Data Center / AI Accelerator,Request quote,,2025-11-02,https://www.amd.com/en/products/accelerators/instinct.html,https://www.amd.com/en/products/accelerators/instinct.html,amd.com
AMD,AMD Instinct MI250X,Data Center / AI Accelerator,Request quote,,2025-11-02,https://www.amd.com/en/products/accelerators/instinct.html,https://www.amd.com/en/products/accelerators/instinct.html,amd.com
AMD,AMD Instinct MI210,Data Center / AI Accelerator,Request quote,,2025-11-02,https://www.amd.com/en/products/accelerators/instinct.html,https://www.amd.com/en/products/accelerators/instinct.html,amd.com
AMD,AMD EPYC 9754,Server CPU,Request quote,,2025-11-02,https://www.amd.com/en/products/processors/server/epyc.html,https://www.amd.com/en/products/processors/server/epyc.html,amd.com
AMD,AMD EPYC 9654,Server CPU,Request quote,,2025-11-02,https://www.amd.com/en/products/processors/server/epyc.html,https://www.amd.com/en/products/processors/server/epyc.html,amd.com
AMD,AMD EPYC 9554,Server CPU,Request quote,,2025-11-02,https://www.amd.com/en/products/processors/server/epyc.html,https://www.amd.com/en/products/processors/server/epyc.html,amd.com
AMD,AMD EPYC 9374F,Server CPU,Request quote,,2025-11-02,https://www.amd.com/en/products/processors/server/epyc.html,https://www.amd.com/en/products/processors/server/epyc.html,amd.com
AMD,AMD EPYC 9274F,Server CPU,Request quote,,2025-11-02,https://www.amd.com/en/products/processors/server/epyc.html,https://www.amd.com/en/products/processors/server/epyc.html,amd.com
AMD,AMD EPYC 9224,Server CPU,Request quote,,2025-11-02,https://www.amd.com/en/products/processors/server/epyc.html,https://www.amd.com/en/products/processors/server/epyc.html,amd.com
IBM,IBM Power S1014,Enterprise Server,Request quote,,2025-11-02,https://www.ibm.com/products/power,https://www.ibm.com/products/power,ibm.com
IBM,IBM Power S1022s,Enterprise Server,Request quote,,2025-11-02,https://www.ibm.com/products/power,https://www.ibm.com/products/power,ibm.com
IBM,IBM Power S1022,Enterprise Server,Request quote,,2025-11-02,https://www.ibm.com/products/power,https://www.ibm.com/products/power,ibm.com
IBM,IBM Power S1024,Enterprise Server,Request quote,,2025-11-02,https://www.ibm.com/products/power,https://www.ibm.com/products/power,ibm.com
IBM,IBM Power E1050,Enterprise Server,Request quote,,2025-11-02,https://www.ibm.com/products/power,https://www.ibm.com/products/power,ibm.com
IBM,IBM Power E1080,Enterprise Server,Request quote,,2025-11-02,https://www.ibm.com/products/power,https://www.ibm.com/products/power,ibm.com
IBM,FlashSystem 5015 - SAS HDD 20TB,Enterprise Storage,IBM price reference,14200,2025-11-02,https://www.ibm.com/flashsystem/pricing/us-en/products/c0d4a8b9ed2adb573e2a1b426195d989,https://www.ibm.com/flashsystem/pricing/us-en/products/c0d4a8b9ed2adb573e2a1b426195d989,ibm.com
IBM,FlashSystem 5015 - All Flash 30TB,Enterprise Storage,IBM price reference,33300,2025-11-02,https://www.ibm.com/flashsystem/pricing/us-en/products/345b40886fc22f946655f597031e5b4c,https://www.ibm.com/flashsystem/pricing/us-en/products/345b40886fc22f946655f597031e5b4c,ibm.com
IBM,FlashSystem 5015 - All Flash 40TB,Enterprise Storage,IBM price reference,,2025-11-02,https://www.ibm.com/flashsystem/pricing/il-en/products/76c18d399bb74cebfc698485b40f53a8,https://www.ibm.com/flashsystem/pricing/il-en/products/76c18d399bb74cebfc698485b40f53a8,www.ibm.com
IBM,FlashSystem 5015 - NL-SAS HDD 70TB,Enterprise Storage,Partner retail reference,20400,2025-11-02,https://gopcn.com/products/ibm-storage-flashsystem-5000,https://gopcn.com/products/ibm-storage-flashsystem-5000,gopcn.com
IBM,FlashSystem 5015 - All Flash 13TB,Enterprise Storage,Partner retail reference,26000,2025-11-02,https://gopcn.com/products/ibm-storage-flashsystem-5000,https://gopcn.com/products/ibm-storage-flashsystem-5000,gopcn.com
IBM,FlashSystem 5015 - All Flash 30TB (partner),Enterprise Storage,Partner retail reference,40300,2025-11-02,https://gopcn.com/products/ibm-storage-flashsystem-5000,https://gopcn.com/products/ibm-storage-flashsystem-5000,gopcn.com
Supermicro,Supermicro SYS-421GE-TNRT (GPU Server),Server / HPC,Request quote,,2025-11-02,https://www.supermicro.com/en/products/gpu,https://www.supermicro.com/en/products/gpu,supermicro.com
Supermicro,Supermicro SYS-821GE-TNHR (GPU Server),Server / HPC,Request quote,,2025-11-02,https://www.supermicro.com/en/products/gpu,https://www.supermicro.com/en/products/gpu,supermicro.com
Supermicro,Supermicro AS-4125GS-TNRT (GPU Server),Server / HPC,Request quote,,2025-11-02,https://www.supermicro.com/en/products/gpu,https://www.supermicro.com/en/products/gpu,supermicro.com
Supermicro,Supermicro AS-2125HS-TNR (HPC Server),Server / HPC,Request quote,,2025-11-02,https://www.supermicro.com/en/products/gpu,https://www.supermicro.com/en/products/gpu,supermicro.com
Supermicro,Supermicro SYS-621BT-HNTR (Blade),Server / HPC,Request quote,,2025-11-02,https://www.supermicro.com/en/products/gpu,https://www.supermicro.com/en/products/gpu,supermicro.com
Supermicro,Supermicro SuperBlade SBA-7149,Server / HPC,Request quote,,2025-11-02,https://www.supermicro.com/en/products/gpu,https://www.supermicro.com/en/products/gpu,supermicro.com
Intel,Arc A770 Graphics (Limited Edition),Consumer GPU,Launch MSRP (historical),329,2025-11-02,https://www.intel.com/content/www/us/en/products/sku/230445/intel-arc-a770-graphics-16gb/specifications.html,https://www.intel.com/content/www/us/en/products/sku/230445/intel-arc-a770-graphics-16gb/specifications.html,intel.com
Intel,Arc A750 Graphics (Limited Edition),Consumer GPU,Launch MSRP (historical),289,2025-11-02,https://www.intel.com/content/www/us/en/products/sku/227541/intel-arc-a750-graphics/specifications.html,https://www.intel.com/content/www/us/en/products/sku/227541/intel-arc-a750-graphics/specifications.html,intel.com
Intel,Intel Xeon 6 6900P,Server CPU,Request quote,,2025-11-02,https://www.intel.com/content/www/us/en/products/details/processors/xeon.html,https://www.intel.com/content/www/us/en/products/details/processors/xeon.html,intel.com
Intel,Intel Xeon 6 6700E,Server CPU,Request quote,,2025-11-02,https://www.intel.com/content/www/us/en/products/details/processors/xeon.html,https://www.intel.com/content/www/us/en/products/details/processors/xeon.html,intel.com
Intel,Intel Xeon Scalable 5th Gen 8592+,Server CPU,Request quote,,2025-11-02,https://www.intel.com/content/www/us/en/products/details/processors/xeon.html,https://www.intel.com/content/www/us/en/products/details/processors/xeon.html,intel.com
NVIDIA,Jetson Orin Nano 8GB Module,Edge AI Module,Request quote,,2025-11-02,https://developer.nvidia.com/embedded/jetson-modules,https://developer.nvidia.com/embedded/jetson-modules,nvidia.com
NVIDIA,Jetson Orin NX 8GB Module,Edge AI Module,Request quote,,2025-11-02,https://developer.nvidia.com/embedded/jetson-modules,https://developer.nvidia.com/embedded/jetson-modules,nvidia.com
NVIDIA,Jetson Orin NX 16GB Module,Edge AI Module,Request quote,,2025-11-02,https://developer.nvidia.com/embedded/jetson-modules,https://developer.nvidia.com/embedded/jetson-modules,nvidia.com
NVIDIA,Jetson AGX Orin 64GB Module,Edge AI Module,Request quote,,2025-11-02,https://developer.nvidia.com/embedded/jetson-modules,https://developer.nvidia.com/embedded/jetson-modules,nvidia.com
NVIDIA,Jetson AGX Orin 32GB Module,Edge AI Module,Request quote,,2025-11-02,https://developer.nvidia.com/embedded/jetson-modules,https://developer.nvidia.com/embedded/jetson-modules,nvidia.com
AMD,Ryzen AI 9 HX 370,CPU,Retail snapshot (varies),,2025-11-02,https://www.amd.com/en/products,https://www.amd.com/en/products,amd.com
AMD,Ryzen 9 7950X3D (desktop),CPU,Retail snapshot (varies),,2025-11-02,https://www.amd.com/en/products,https://www.amd.com/en/products,amd.com
AMD,Ryzen 7 7800X3D (desktop),CPU,Retail snapshot (varies),,2025-11-02,https://www.amd.com/en/products,https://www.amd.com/en/products,amd.com
